ticker,yf_ticker,company_name,sasb_sector,truvalue_rating,sa_risk,sa_band,iss_descriptor,tri_pass_votes,tri_fail_votes,triangulation_result,stage1_pass,fossil_flag,hard_excluded,watchlist,watchlist_reason,esg_rank,in_house_z,in_house_pct,E_score,S_score,G_score,ESG_score,carbon_intensity,ci_source,data_vintage
EAM,A2A.MI,A2A S.p.A.,Infrastructure,Average,28.5,Medium,Good,2,1,PASS,True,False,False,False,,164.0,-0.4743415898723553,27.84810126582278,48.01,4.35,30.79,27.85,629.82,bloomberg_calc,2026-05-20
2X1,ABVX.PA,Abivax SA,Health Care,Average,35.37,High,Medium,2,1,PASS,True,False,True,,,,,,0.0,0.0,0.0,0.0,7.99,sector_median_imputed,2026-05-20
ASME,ASML.AS,ASML Holding NV,Technology & Communications,Below Average,8.7,Negligible,Good,2,1,PASS,True,False,False,True,Truvalue=Below Average,89.0,0.0921886994100468,62.86919831223629,65.11,34.43,56.63,62.87,16.72,sector_median_imputed,2026-05-20
A5G,A5G.IR,AIB Group plc,Financials,Below Average,13.17,Low,Medium,2,1,PASS,True,False,False,True,Truvalue=Below Average,6.0,0.5257474586788465,97.8902953586498,78.15,62.62,73.53,97.89,0.72,sector_median_imputed,2026-05-20
AIXA,AIXA.DE,AIXTRON SE,Technology & Communications,Below Average,17.7,Low,Medium,2,1,PASS,True,False,False,True,Truvalue=Below Average,97.0,0.0276277208806612,59.49367088607595,60.23,49.9,48.25,59.49,16.72,sector_median_imputed,2026-05-20
9AA,AAF.L,Airtel Africa Plc,Technology & Communications,Average,21.35,Medium,Medium,2,1,PASS,True,False,False,False,,189.0,-0.7067784642475479,16.87763713080169,24.39,36.62,25.09,16.88,16.72,sector_median_imputed,2026-05-20
SGM,STMMI.MI,STMicroelectronics NV,Technology & Communications,Average,15.2,Low,Good,3,0,PASS,True,False,False,False,,118.0,-0.1303963863692323,49.78902953586498,38.81,61.29,60.22,49.79,16.72,sector_median_imputed,2026-05-20
7CD,CDR.WA,CD Projekt S.A.,Technology & Communications,Below Average,14.8,Low,Medium,2,1,PASS,True,False,False,True,Truvalue=Below Average,173.0,-0.5317900588251958,23.62869198312236,28.81,52.07,31.13,23.63,16.72,sector_median_imputed,2026-05-20
FG1,ANTO.L,Antofagasta plc,Extractives & Minerals Processing,Below Average,24.25,Medium,Medium,1,2,FAIL,False,False,False,,,,,,0.0,0.0,0.0,0.0,2149.74,sector_median_imputed,2026-05-20
ARRD,MT.AS,ArcelorMittal SA,Extractives & Minerals Processing,Average,28.54,Medium,Medium,2,1,PASS,True,False,False,False,,165.0,-0.4820910849952883,27.42616033755274,26.44,80.72,25.63,27.43,2149.74,sector_median_imputed,2026-05-20
1AE,ARGX.BR,argenx SE,Health Care,Average,24.86,Medium,Medium,2,1,PASS,True,False,False,False,,191.0,-0.738888051380649,16.0337552742616,6.47,36.62,53.67,16.03,7.99,sector_median_imputed,2026-05-20
DP9,DPLM.L,Diploma PLC,Consumer Goods,Average,15.1,Low,Medium,3,0,PASS,True,False,False,False,,154.0,-0.3505659168042818,32.48945147679325,27.98,36.24,65.48,32.49,19.57,sector_median_imputed,2026-05-20
SFB1,ACP.WA,Asseco Poland S.A.,Technology & Communications,Below Average,21.29,Medium,,0,2,FAIL,False,False,False,,,,,,0.0,0.0,0.0,0.0,16.72,sector_median_imputed,2026-05-20
ASG,G.MI,Assicurazioni Generali S.p.A.,Financials,Average,14.21,Low,Good,3,0,PASS,True,False,False,False,,87.0,0.1116021379678658,63.71308016877637,78.15,57.53,22.11,63.71,0.72,sector_median_imputed,2026-05-20
ZEG,AZN.L,AstraZeneca PLC,Health Care,Average,18.04,Low,Good,3,0,PASS,True,False,False,False,,58.0,0.2516423327921353,75.9493670886076,56.5,78.58,68.08,75.95,7.99,sector_median_imputed,2026-05-20
AEU,PRY.MI,Prysmian,Resource Transformation,Leader,13.8,Low,Good,3,0,PASS,True,False,False,False,,171.0,-0.5218808737074067,24.47257383966245,36.04,40.44,25.85,24.47,19.57,sector_median_imputed,2026-05-20
2FE,RACE.MI,Ferrari,Transportation,Above Average,17.5,Low,Good,3,0,PASS,True,False,False,False,,152.0,-0.3440225744438782,33.33333333333333,28.35,80.24,40.51,33.33,0.0,bloomberg_calc,2026-05-20
NGLB,AAL.L,Anglo American,Extractives & Minerals Processing,Above Average,28.4,High,Good,2,1,PASS,False,True,False,,,,,,0.0,0.0,0.0,0.0,2149.74,sector_median_imputed,2026-05-20
1JJA,AZA.ST,Avanza Bank Holding AB,Financials,Below Average,23.27,Medium,Medium,1,2,FAIL,False,False,False,,,,,,0.0,0.0,0.0,0.0,0.72,sector_median_imputed,2026-05-20
HGUA,HUBN.SW,Huber+Suhner,Resource Transformation,Above Average,15.6,Low,Good,3,0,PASS,True,False,False,False,,186.0,-0.6846236173742013,18.35443037974684,6.47,33.46,62.6,18.35,19.57,sector_median_imputed,2026-05-20
GU81,AV.L,Aviva plc,Financials,Average,13.69,Low,Medium,3,0,PASS,True,False,False,False,,15.0,0.4527930622231097,94.09282700421942,78.15,57.53,66.87,94.09,0.72,sector_median_imputed,2026-05-20
NKT,NKT.CO,NKT,Resource Transformation,Above Average,14.5,Low,Good,3,0,PASS,True,False,False,False,,158.0,-0.3757280389550171,30.80168776371308,40.54,67.5,21.31,30.8,19.57,sector_median_imputed,2026-05-20
DJDA,DIE.BR,D'Ieteren,Services,Above Average,13.2,Low,Good,3,0,PASS,True,False,False,False,,181.0,-0.6456354306427077,20.25316455696203,31.81,57.62,7.53,20.25,0.0,sector_median_imputed,2026-05-20
OEWA,VER.VI,VERBUND,Infrastructure,Leader,18.7,Low,Excellent,3,0,PASS,True,False,False,False,,157.0,-0.372755253000339,31.22362869198312,40.08,64.06,24.51,31.22,629.82,sector_median_imputed,2026-05-20
HDB,AZM.MI,Azimut Holding Spa,Financials,Above Average,20.12,Medium,Medium,2,1,PASS,True,False,False,False,,218.0,-1.000210191632489,2.953586497890296,6.47,56.44,8.07,2.95,0.72,sector_median_imputed,2026-05-20
7LB,LOTB.BR,Lotus Bakeries,Food & Beverage,Above Average,19.3,Low,Good,3,0,PASS,True,False,False,False,,211.0,-0.9346877163115028,5.907172995780591,6.47,60.36,14.42,5.91,85.39,sector_median_imputed,2026-05-20
HF6,FRO.OL,Frontline,Transportation,Average,22.4,Medium,Medium,2,1,PASS,False,True,False,,,,,,0.0,0.0,0.0,0.0,19.57,sector_median_imputed,2026-05-20
RWE,RWE.DE,RWE,Infrastructure,Leader,24.5,Medium,Good,2,1,PASS,True,False,False,False,,140.0,-0.2584685681625059,38.81856540084388,52.15,34.96,34.05,38.82,629.82,sector_median_imputed,2026-05-20
ARC,AKRBP.OL,Aker BP,Extractives & Minerals Processing,Above Average,31.2,High,Good,2,1,PASS,False,True,False,,,,,,0.0,0.0,0.0,0.0,277.65500000000003,sector_median_imputed,2026-05-20
B7A,BGN.MI,Banca Generali S.p.A.,Financials,Average,9.51,Negligible,Medium,3,0,PASS,True,False,False,False,,80.0,0.1635771457894211,66.66666666666666,78.15,53.66,31.14,66.67,0.72,sector_median_imputed,2026-05-20
ME1,BMED.MI,Banca Mediolanum SpA,Financials,Average,17.94,Low,Medium,3,0,PASS,True,False,False,False,,77.0,0.173093653026235,67.9324894514768,78.15,54.9,31.68,67.93,0.72,sector_median_imputed,2026-05-20
BPM,BAMI.MI,Banco BPM SpA,Financials,Average,12.64,Low,Medium,3,0,PASS,True,False,False,False,,70.0,0.2148302042889953,70.88607594936708,78.15,35.63,48.17,70.89,0.72,sector_median_imputed,2026-05-20
BCPN,BCP.LS,Banco Comercial Portugues S.A.,Financials,Below Average,14.9,Low,Medium,2,1,PASS,True,False,False,True,Truvalue=Below Average,96.0,0.0352830450838273,59.91561181434599,78.15,62.62,9.19,59.92,0.72,sector_median_imputed,2026-05-20
ABJ,ABBN.SW,ABB Ltd.,Resource Transformation,Average,17.8,Low,Good,3,0,PASS,True,False,False,False,,34.0,0.333300151299424,86.07594936708861,60.57,93.88,62.6,86.08,19.57,sector_median_imputed,2026-05-20
IGQ5,III.L,3i Group plc,Financials,Average,10.7,Low,Good,3,0,PASS,True,False,False,False,,59.0,0.2482000225855627,75.52742616033755,78.15,43.57,48.01,75.53,0.72,sector_median_imputed,2026-05-20
CRIN,UCG.MI,UniCredit S.p.A.,Financials,Average,10.6,Low,Medium,3,0,PASS,True,False,False,False,,23.0,0.4149168212186035,90.71729957805908,78.15,65.37,57.42,90.72,0.72,sector_median_imputed,2026-05-20
H3M,HOC.L,Hochschild Mining plc,Extractives & Minerals Processing,Below Average,26.8,Medium,Medium,1,2,FAIL,False,False,False,,,,,,0.0,0.0,0.0,0.0,2149.74,sector_median_imputed,2026-05-20
BIRG,BIRG.IR,Bank of Ireland Group Plc,Financials,Average,15.9,Low,Medium,3,0,PASS,True,False,False,False,,14.0,0.4618400197432473,94.51476793248943,78.15,61.2,65.96,94.51,0.72,sector_median_imputed,2026-05-20
SND,SU.PA,Schneider Electric SE,Resource Transformation,Average,7.1,Negligible,Good,3,0,PASS,True,False,False,False,,21.0,0.4184063760084872,91.56118143459916,72.42,100.0,48.58,91.56,19.57,sector_median_imputed,2026-05-20
BP1,PEO.WA,Bank Polska Kasa Opieki S.A.,Financials,Average,19.47,Low,Medium,3,0,PASS,True,False,False,False,,178.0,-0.5992124505699522,21.51898734177216,6.47,84.1,44.86,21.52,0.72,sector_median_imputed,2026-05-20
B1V1,BCVN.SW,Banque Cantonale Vaudoise,Financials,Above Average,22.3,Medium,Medium,2,1,PASS,True,False,False,False,,42.0,0.3032858202564113,82.70042194092827,78.15,50.96,51.01,82.7,0.72,sector_median_imputed,2026-05-20
BCY,BARC.L,Barclays PLC,Financials,Below Average,11.22,Low,Medium,2,1,PASS,True,False,False,True,Truvalue=Below Average,53.0,0.2627896653059383,78.05907172995781,78.15,48.49,47.11,78.06,0.72,sector_median_imputed,2026-05-20
HLBN,HOLN.SW,Holcim Ltd,Extractives & Minerals Processing,Below Average,16.8,Low,Good,2,1,PASS,True,False,False,True,Truvalue=Below Average,143.0,-0.2866207249294034,37.55274261603376,21.26,83.49,59.15,37.55,4285.61,bloomberg_calc,2026-05-20
SKT,STB.OL,Storebrand ASA,Financials,Average,17.1,Low,Good,3,0,PASS,True,False,False,False,,33.0,0.3354659657845341,86.49789029535864,78.15,49.49,56.07,86.5,0.72,sector_median_imputed,2026-05-20
0B2,BG.VI,BAWAG Group AG,Financials,Below Average,15.57,Low,Medium,2,1,PASS,True,False,False,True,Truvalue=Below Average,69.0,0.2210473693127074,71.30801687763713,78.15,66.86,31.14,71.31,0.72,sector_median_imputed,2026-05-20
HMI,RMS.PA,Hermes International SCA,Consumer Goods,Below Average,11.2,Low,Good,2,1,PASS,True,False,False,True,Truvalue=Below Average,200.0,-0.8309366562541535,12.23628691983122,27.98,25.16,8.79,12.24,0.0,sector_median_imputed,2026-05-20
CBK,CBK.DE,Commerzbank AG,Financials,Below Average,16.6,Low,Medium,2,1,PASS,True,False,False,True,Truvalue=Below Average,47.0,0.2731554292680057,80.59071729957806,78.15,59.79,42.01,80.59,0.72,sector_median_imputed,2026-05-20
3ZV,BFT.WA,Benefit Systems,Services,Average,13.32,Low,Medium,3,0,PASS,True,False,False,False,,74.0,0.1968498366765832,69.19831223628692,78.15,81.8,19.42,69.2,19.57,sector_median_imputed,2026-05-20
GBF,GBF.DE,Bilfinger SE,Resource Transformation,Average,36.98,High,Medium,2,1,PASS,True,False,True,,,,,,0.0,0.0,0.0,0.0,19.57,sector_median_imputed,2026-05-20
B9W,BKW.SW,BKW AG,Infrastructure,Average,37.49,High,Medium,2,1,PASS,True,False,True,,,,,,0.0,0.0,0.0,0.0,629.82,sector_median_imputed,2026-05-20
BWJ1,BOL.ST,Boliden AB,Extractives & Minerals Processing,Average,17.43,Low,Good,3,0,PASS,True,False,False,False,,166.0,-0.4924341296383557,27.0042194092827,34.26,18.04,45.77,27.0,13.87,bloomberg_calc,2026-05-20
BYG,EN.PA,Bouygues SA,Infrastructure,Average,31.68,High,Medium,2,1,PASS,True,False,True,,,,,,0.0,0.0,0.0,0.0,19.57,sector_median_imputed,2026-05-20
EBO,EBS.VI,Erste Group Bank AG,Financials,Average,14.2,Low,Medium,3,0,PASS,True,False,False,False,,176.0,-0.5431985605583806,22.36286919831224,6.47,73.23,58.42,22.36,0.72,sector_median_imputed,2026-05-20
4BE,BPE.MI,BPER Banca S.p.A.,Financials,Average,14.9,Low,Medium,3,0,PASS,True,False,False,False,,83.0,0.1468270217450559,65.40084388185655,78.15,48.57,31.85,65.4,0.72,sector_median_imputed,2026-05-20
8BU,BC.MI,Brunello Cucinelli S.p.A.,Consumer Goods,Average,20.99,Medium,Medium,2,1,PASS,True,False,False,False,,167.0,-0.5022546173474502,26.58227848101265,27.19,53.22,37.32,26.58,0.0,sector_median_imputed,2026-05-20
H11,HLMA.L,Halma plc,Resource Transformation,Average,12.9,Low,Medium,3,0,PASS,True,False,False,False,,57.0,0.2571782936955831,76.37130801687763,61.28,78.67,60.01,76.37,19.57,sector_median_imputed,2026-05-20
48CA,CABK.MC,CaixaBank SA,Financials,Average,9.5,Negligible,Good,3,0,PASS,True,False,False,False,,63.0,0.2439070256904874,73.83966244725738,78.15,64.03,35.75,73.84,0.72,sector_median_imputed,2026-05-20
SVKB,SAND.ST,Sandvik AB,Resource Transformation,Average,24.2,Medium,Good,2,1,PASS,True,False,False,False,,139.0,-0.2472280260139047,39.66244725738397,30.54,81.71,48.36,39.66,4.87,bloomberg_calc,2026-05-20
7CA,CAMX.ST,Camurus,Health Care,Average,19.68,Low,Medium,3,0,PASS,True,False,False,,,,,,0.0,0.0,0.0,0.0,7.99,sector_median_imputed,2026-05-20
1RY,LPP.WA,LPP S.A.,Consumer Goods,Laggard,18.6,Low,Medium,2,1,PASS,True,False,False,True,Truvalue=Laggard,129.0,-0.1977874616619468,43.88185654008439,34.86,67.28,55.18,43.88,0.0,sector_median_imputed,2026-05-20
DIO,CDI.PA,Christian Dior SE,Consumer Goods,Below Average,18.53,Low,Medium,2,1,PASS,True,False,False,True,Truvalue=Below Average,146.0,-0.3065482534085576,35.86497890295359,44.3,60.7,27.4,35.86,0.0,sector_median_imputed,2026-05-20
ENXB,ENX.PA,Euronext NV,Financials,Average,13.1,Low,Medium,3,0,PASS,True,False,False,False,,50.0,0.2692684195295406,79.32489451476793,78.15,31.53,57.65,79.32,0.72,sector_median_imputed,2026-05-20
RAW,RBI.VI,Raiffeisen Bank International AG,Financials,Average,17.1,Low,Medium,3,0,PASS,True,False,False,False,,1.0,0.7890705684910246,100.0,78.15,76.75,100.0,100.0,0.72,sector_median_imputed,2026-05-20
TLX,TLX.DE,Talanx AG,Financials,Average,21.3,Medium,Medium,2,1,PASS,True,False,False,False,,102.0,-0.0174921356025755,57.38396624472573,78.15,56.26,5.9,57.38,0.72,sector_median_imputed,2026-05-20
NDA,NDA.DE,Aurubis AG,Extractives & Minerals Processing,Average,21.8,Medium,Good,2,1,PASS,True,False,False,False,,187.0,-0.69097560146596,17.72151898734177,6.47,36.62,59.96,17.72,2149.74,sector_median_imputed,2026-05-20
XCA,ACA.PA,Credit Agricole SA,Financials,Average,17.67,Low,Medium,3,0,PASS,True,False,False,False,,101.0,-0.0153654063307067,57.80590717299579,78.15,59.37,4.41,57.81,0.72,sector_median_imputed,2026-05-20
ZFIN,ZURN.SW,Zurich Insurance Group Ltd,Financials,Average,14.8,Low,Good,3,0,PASS,True,False,False,False,,9.0,0.4860496112490852,96.62447257383964,78.15,56.96,71.55,96.62,0.72,sector_median_imputed,2026-05-20
AJ3,ANA.MC,Acciona SA,Infrastructure,Average,20.2,Medium,Good,2,1,PASS,True,False,False,False,,91.0,0.0644658119617666,62.0253164556962,75.19,27.05,38.77,62.03,19.57,sector_median_imputed,2026-05-20
DSN,DANSKE.CO,Danske Bank A/S,Financials,Average,17.66,Low,,2,0,PASS,True,False,False,False,,71.0,0.2138414080815073,70.46413502109705,78.15,55.55,36.65,70.46,0.72,sector_median_imputed,2026-05-20
D1NC,DNB.OL,DNB Bank ASA,Financials,Average,16.99,Low,Medium,3,0,PASS,True,False,False,False,,54.0,0.262721862499111,77.63713080168776,78.15,50.18,46.13,77.64,0.72,sector_median_imputed,2026-05-20
DS81,DSV.CO,DSV A/S,Transportation,Average,12.67,Low,,2,0,PASS,True,False,False,False,,125.0,-0.1681374849115849,46.41350210970464,38.59,60.52,56.11,46.41,19.57,sector_median_imputed,2026-05-20
AA9,ALFA.ST,Alfa Laval AB,Resource Transformation,Average,24.2,Medium,Good,2,1,PASS,True,False,False,False,,2.0,0.648460087753851,99.57805907172995,93.01,65.53,60.78,99.58,19.57,sector_median_imputed,2026-05-20
NXS,NEX.PA,Nexans SA,Resource Transformation,Average,22.6,Medium,Good,2,1,PASS,True,False,False,False,,46.0,0.2806228674935787,81.0126582278481,78.15,88.93,26.34,81.01,19.57,sector_median_imputed,2026-05-20
ENI,ENI.MI,Eni S.p.A.,Extractives & Minerals Processing,Average,25.56,Medium,Good,2,1,PASS,False,True,False,,,,,,0.0,0.0,0.0,0.0,502.04,bloomberg_calc,2026-05-20
SOC,SUBC.OL,Subsea 7 S.A.,Extractives & Minerals Processing,Average,18.6,Low,Medium,3,0,PASS,True,False,False,False,,104.0,-0.0317670553101745,55.69620253164557,71.64,39.35,25.61,55.7,53.27,bloomberg_calc,2026-05-20
FTD,TUB.BR,Financiere de Tubize S.A.,Health Care,Average,13.7,Low,Good,3,0,PASS,True,False,False,,,,,,0.0,0.0,0.0,0.0,7.99,sector_median_imputed,2026-05-20
FTK,FTK.DE,flatexDEGIRO,Financials,Average,20.47,Medium,Medium,2,1,PASS,True,False,False,False,,220.0,-1.022032279333028,2.109704641350211,6.47,30.82,19.84,2.11,0.72,sector_median_imputed,2026-05-20
F6O1,FLS.CO,FLSmidth & Co. A/S,Resource Transformation,Average,27.62,Medium,,1,1,BORDERLINE,False,False,False,,,,,,0.0,0.0,0.0,0.0,19.57,sector_median_imputed,2026-05-20
IBE1,IBE.MC,Iberdrola SA,Infrastructure,Average,18.6,Low,Good,3,0,PASS,True,False,False,False,,115.0,-0.1022013075362197,51.0548523206751,36.49,82.58,55.99,51.05,629.82,sector_median_imputed,2026-05-20
UZAA,FHZN.SW,Flughafen Zurich AG,Services,Average,21.43,Medium,Medium,2,1,PASS,False,True,False,,,,,,0.0,0.0,0.0,0.0,48.02,bloomberg_calc,2026-05-20
2D7,BEZ.L,Beazley Plc,Financials,Average,17.0,Low,Medium,3,0,PASS,True,False,False,False,,27.0,0.3827171882012781,89.0295358649789,78.15,36.62,69.63,89.03,0.72,sector_median_imputed,2026-05-20
G7W,GAW.L,Games Workshop Group PLC,Consumer Goods,Average,13.79,Low,Poor,2,1,PASS,True,False,True,,,,,,0.0,0.0,0.0,0.0,0.0,sector_median_imputed,2026-05-20
HNR1,HNR1.DE,Hannover Rueck SE,Financials,Average,16.3,Low,Medium,3,0,PASS,True,False,False,False,,76.0,0.1790905495425352,68.35443037974683,73.27,58.59,39.29,68.35,0.09,bloomberg_calc,2026-05-20
STD,STAN.L,Standard Chartered PLC,Financials,Average,17.7,Low,Medium,3,0,PASS,True,False,False,False,,26.0,0.3877966562327568,89.45147679324894,78.15,49.19,63.11,89.45,0.72,sector_median_imputed,2026-05-20
IC1H,IHG.L,InterContinental Hotels Group PLC,Services,Average,19.6,Low,Good,3,0,PASS,True,False,False,False,,120.0,-0.1389316016603839,48.9451476793249,33.34,74.2,61.73,48.95,0.0,sector_median_imputed,2026-05-20
HBC1,HSBA.L,HSBC Holdings Plc,Financials,Average,13.49,Low,Medium,3,0,PASS,True,False,False,False,,17.0,0.4382650868009517,93.24894514767934,78.15,58.09,64.64,93.25,0.72,sector_median_imputed,2026-05-20
MOV,MONC.MI,Moncler SpA,Consumer Goods,Average,8.5,Negligible,Good,3,0,PASS,True,False,False,False,,86.0,0.1212881727039412,64.13502109704642,54.07,56.53,68.03,64.14,0.0,sector_median_imputed,2026-05-20
B6E,SOBI.ST,Swedish Orphan Biovitrum AB,Health Care,Laggard,19.0,Low,Good,2,1,PASS,True,False,False,True,Truvalue=Laggard,82.0,0.1519989413421956,65.82278481012658,78.15,31.28,42.41,65.82,7.99,sector_median_imputed,2026-05-20
DB1,DB1.DE,Deutsche Boerse AG,Financials,Below Average,13.0,Low,Medium,2,1,PASS,True,False,False,True,Truvalue=Below Average,95.0,0.0474176197479661,60.33755274261603,78.15,41.99,22.57,60.34,0.72,sector_median_imputed,2026-05-20
I5G,IGG.L,IG Group Holdings plc,Financials,Average,21.96,Medium,Medium,2,1,PASS,True,False,False,False,,197.0,-0.8227454571322641,13.50210970464135,6.47,36.62,42.67,13.5,0.72,sector_median_imputed,2026-05-20
I1M,INDT.ST,Indutrade AB,Resource Transformation,Average,18.39,Low,Medium,3,0,PASS,True,False,False,False,,172.0,-0.5276473974313497,24.05063291139241,49.4,0.0,23.75,24.05,0.91,bloomberg_calc,2026-05-20
IFX,IFX.DE,Infineon Technologies AG,Technology & Communications,Average,18.88,Low,Medium,3,0,PASS,True,False,False,False,,193.0,-0.75,14.9789029535865,24.39,36.62,19.42,14.98,16.72,sector_median_imputed,2026-05-20
6GF,ING.WA,ING Bank Slaski S.A.,Financials,Below Average,15.39,Low,Medium,2,1,PASS,True,False,False,True,Truvalue=Below Average,30.0,0.3446197214013231,87.76371308016878,78.15,76.11,42.06,87.76,0.72,sector_median_imputed,2026-05-20
BAKA,BKT.MC,Bankinter SA,Financials,Average,18.4,Low,Medium,3,0,PASS,True,False,False,False,,150.0,-0.3344687935067248,34.17721518987342,36.41,56.07,40.83,34.18,0.72,bloomberg_calc,2026-05-20
BIH,BBY.L,Balfour Beatty plc,Infrastructure,Average,33.2,High,Medium,2,1,PASS,True,False,True,,,,,,0.0,0.0,0.0,0.0,19.57,sector_median_imputed,2026-05-20
NOH1,NHY.OL,Norsk Hydro ASA,Extractives & Minerals Processing,Below Average,13.5,Low,Good,2,1,PASS,True,False,False,True,Truvalue=Below Average,3.0,0.6298747031730955,99.15611814345992,75.56,76.56,83.96,99.16,2149.74,sector_median_imputed,2026-05-20
INR,IAG.L,International Consolidated Airlines Group SA,Transportation,Average,19.39,Low,Medium,3,0,PASS,False,True,False,,,,,,0.0,0.0,0.0,0.0,19.57,sector_median_imputed,2026-05-20
8IG,IP.MI,Interpump Group S.p.A.,Resource Transformation,Average,31.94,High,Medium,2,1,PASS,True,False,True,,,,,,0.0,0.0,0.0,0.0,19.57,sector_median_imputed,2026-05-20
LRC,LR.PA,Legrand SA,Resource Transformation,Average,13.7,Low,Good,3,0,PASS,True,False,False,False,,122.0,-0.143687511474969,48.10126582278481,44.84,83.31,34.85,48.1,19.57,sector_median_imputed,2026-05-20
I7G,IPN.PA,Ipsen SA,Health Care,Average,21.92,Medium,Medium,2,1,PASS,True,False,False,False,,78.0,0.1681224405405086,67.51054852320675,73.11,70.74,31.19,67.51,7.99,sector_median_imputed,2026-05-20
OMV,OMV.VI,OMV AG,Extractives & Minerals Processing,Average,32.9,High,Good,2,1,PASS,False,True,False,,,,,,0.0,0.0,0.0,0.0,277.65500000000003,sector_median_imputed,2026-05-20
JYS1,JYSK.CO,Jyske Bank A/S,Financials,Below Average,19.99,Low,,1,1,BORDERLINE,False,False,False,,,,,,0.0,0.0,0.0,0.0,0.72,sector_median_imputed,2026-05-20
E4S,ELI.BR,Elia Group SA/NV,Infrastructure,Average,18.1,Low,Good,3,0,PASS,True,False,False,False,,177.0,-0.5787834908672391,21.9409282700422,30.37,43.37,27.09,21.94,629.82,sector_median_imputed,2026-05-20
ALV,ALV.DE,Allianz SE,Financials,Average,13.2,Low,Medium,3,0,PASS,True,False,False,False,,62.0,0.2440579759027272,74.26160337552743,78.15,57.81,39.33,74.26,0.72,sector_median_imputed,2026-05-20
KB9,KBCA.BR,KBC Ancora SCA,Financials,Average,10.2,Low,Poor,2,1,PASS,True,False,True,,,,,,0.0,0.0,0.0,0.0,0.72,sector_median_imputed,2026-05-20
IES,ISP.MI,Intesa Sanpaolo S.p.A.,Financials,Average,8.2,Negligible,Good,3,0,PASS,True,False,False,False,,32.0,0.3355869977972824,86.91983122362869,78.15,60.21,49.96,86.92,0.72,sector_median_imputed,2026-05-20
KGHA,KGH.WA,KGHM Polska Miedz S.A.,Extractives & Minerals Processing,Average,37.6,High,Medium,2,1,PASS,True,False,True,,,,,,0.0,0.0,0.0,0.0,2149.74,sector_median_imputed,2026-05-20
KRX,KRX.IR,Kingspan Group Plc,Extractives & Minerals Processing,Average,19.33,Low,Good,3,0,PASS,True,False,False,False,,128.0,-0.1917651918176247,44.30379746835442,60.68,48.48,19.46,44.3,2149.74,sector_median_imputed,2026-05-20
K34,KCR.HE,Konecranes Oyj,Resource Transformation,Average,13.68,Low,Good,3,0,PASS,True,False,False,False,,106.0,-0.035203512000967,54.85232067510548,53.07,46.47,55.08,54.85,19.57,sector_median_imputed,2026-05-20
FNL,FRES.L,Fresnillo PLC,Extractives & Minerals Processing,Below Average,28.3,Medium,Medium,1,2,FAIL,False,False,False,,,,,,0.0,0.0,0.0,0.0,2149.74,sector_median_imputed,2026-05-20
ENL,ENEL.MI,Enel SpA,Infrastructure,Below Average,17.4,Low,Good,2,1,PASS,True,False,False,True,Truvalue=Below Average,100.0,-0.0020709442632994,58.22784810126582,41.04,83.81,60.1,58.23,629.82,sector_median_imputed,2026-05-20
EOAN,EOAN.DE,E.ON SE,Infrastructure,Average,17.1,Low,Good,3,0,PASS,True,False,False,False,,65.0,0.2372109067531796,72.9957805907173,52.98,84.67,69.14,73.0,629.82,sector_median_imputed,2026-05-20
C0Q,CCH.L,Coca-Cola HBC AG,Food & Beverage,Average,16.5,Low,Good,3,0,PASS,True,False,False,False,,121.0,-0.1409170839512019,48.52320675105485,45.78,61.21,46.13,48.52,85.39,bloomberg_calc,2026-05-20
LS4C,LSEG.L,London Stock Exchange Group plc,Financials,Average,13.79,Low,Medium,3,0,PASS,True,False,False,False,,49.0,0.2719079935547147,79.74683544303798,78.15,45.66,49.92,79.75,0.72,sector_median_imputed,2026-05-20
LO3,LONN.SW,Lonza Group AG,Health Care,Average,15.8,Low,Good,3,0,PASS,True,False,False,False,,147.0,-0.3213367639364513,35.44303797468354,21.98,66.39,63.05,35.44,0.0,bloomberg_calc,2026-05-20
MOH,MC.PA,LVMH Moet Hennessy Louis Vuitton SE,Consumer Goods,Below Average,13.55,Low,Medium,2,1,PASS,True,False,False,True,Truvalue=Below Average,144.0,-0.2868847007319061,37.13080168776371,40.68,59.43,37.32,37.13,0.0,sector_median_imputed,2026-05-20
7MP,MNG.L,M&G Plc,Financials,Average,22.36,Medium,Medium,2,1,PASS,True,False,False,False,,18.0,0.4290544036834607,92.82700421940928,78.15,48.49,68.92,92.83,0.72,sector_median_imputed,2026-05-20
CMAB,MAP.MC,Mapfre SA,Financials,Average,17.81,Low,Medium,3,0,PASS,True,False,False,False,,75.0,0.1911896615232151,68.77637130801688,78.15,63.46,29.16,68.78,0.72,sector_median_imputed,2026-05-20
BRU,MBK.WA,mBank SA,Financials,Average,15.36,Low,Medium,3,0,PASS,True,False,False,False,,196.0,-0.816769258399034,13.92405063291139,6.47,68.27,25.37,13.92,0.72,sector_median_imputed,2026-05-20
DNQ,EQNR.OL,Equinor ASA,Extractives & Minerals Processing,Average,27.4,Medium,Medium,2,1,PASS,False,True,False,,,,,,0.0,0.0,0.0,0.0,277.65500000000003,sector_median_imputed,2026-05-20
RYSD,NWG.L,NatWest Group Plc,Financials,Average,13.0,Low,Good,3,0,PASS,True,False,False,False,,10.0,0.484989152706588,96.20253164556962,78.15,54.96,72.56,96.2,0.72,sector_median_imputed,2026-05-20
TCO0,TSCO.L,Tesco PLC,Food & Beverage,Average,18.8,Low,Good,3,0,PASS,False,True,False,,,,,,0.0,0.0,0.0,0.0,85.39,sector_median_imputed,2026-05-20
AIL,AI.PA,Air Liquide SA,Resource Transformation,Average,13.0,Low,Medium,3,0,PASS,True,False,False,False,,184.0,-0.6666965799498794,18.9873417721519,0.0,89.68,44.67,18.99,2149.74,sector_median_imputed,2026-05-20
56S1,DIM.PA,Sartorius Stedim Biotech SA,Health Care,Above Average,15.6,Low,Good,3,0,PASS,True,False,False,False,,182.0,-0.6572802962432942,19.83122362869198,29.94,45.84,16.16,19.83,7.99,sector_median_imputed,2026-05-20
MZ4,MTO.L,MITIE Group PLC,Services,Average,12.22,Low,Good,3,0,PASS,True,False,False,False,,92.0,0.0518930903314786,61.60337552742617,62.13,60.93,41.66,61.6,19.57,sector_median_imputed,2026-05-20
M1H,MOBN.SW,Mobimo Holding AG,Infrastructure,Above Average,13.45,Low,Medium,3,0,PASS,True,False,False,False,,98.0,0.0202843369838555,59.07172995780591,37.77,83.59,69.14,59.07,16.72,sector_median_imputed,2026-05-20
MLT,MYCR.ST,Mycronic AB,Technology & Communications,Average,11.51,Low,Medium,3,0,PASS,True,False,False,False,,124.0,-0.1588720467751,46.83544303797469,60.23,32.76,33.58,46.84,16.72,sector_median_imputed,2026-05-20
NNGF,NG.L,National Grid plc,Infrastructure,Below Average,12.71,Low,Medium,2,1,PASS,True,False,False,True,Truvalue=Below Average,119.0,-0.1341176616674978,49.36708860759494,40.26,44.87,66.45,49.37,629.82,sector_median_imputed,2026-05-20
NEM,NEM.DE,Nemetschek SE,Technology & Communications,Average,16.45,Low,Medium,3,0,PASS,True,False,False,False,,138.0,-0.246411667074216,40.08438818565401,24.39,57.77,73.39,40.08,16.72,sector_median_imputed,2026-05-20
HIJ2,ARCAD.AS,Arcadis NV,Infrastructure,Average,15.8,Low,Medium,3,0,PASS,True,False,False,False,,41.0,0.3034581062246457,83.12236286919831,54.29,95.69,69.14,83.12,19.57,sector_median_imputed,2026-05-20
NXG,NXT.L,Next plc,Consumer Goods,Average,16.84,Low,Medium,3,0,PASS,True,False,False,False,,79.0,0.1669190664266716,67.08860759493672,58.9,56.21,65.36,67.09,0.0,sector_median_imputed,2026-05-20
SIKA,SIKA.SW,Sika AG,Resource Transformation,Average,21.7,Medium,Good,2,1,PASS,True,False,False,False,,85.0,0.1275609768776536,64.55696202531645,73.11,52.09,36.53,64.56,2149.74,sector_median_imputed,2026-05-20
NOA3,NOKIA.HE,Nokia Oyj,Technology & Communications,Average,9.57,Negligible,Good,3,0,PASS,True,False,False,False,,109.0,-0.0676599143023529,53.58649789029536,44.72,56.75,60.22,53.59,16.72,sector_median_imputed,2026-05-20
04Q,NDA-FI.HE,Nordea Bank Abp,Financials,Below Average,13.14,Low,Good,2,1,PASS,True,False,False,True,Truvalue=Below Average,28.0,0.3759485406335493,88.60759493670885,78.15,56.96,57.11,88.61,0.72,sector_median_imputed,2026-05-20
NDX1,NDX1.DE,Nordex SE,Renewable Resources & Alternative Energy,Average,20.51,Medium,Good,2,1,PASS,True,False,False,False,,162.0,-0.4293955928946265,29.11392405063291,51.43,30.86,15.28,29.11,277.65500000000003,sector_median_imputed,2026-05-20
IMI1,IMI.L,IMI plc,Resource Transformation,Average,23.0,Medium,Medium,2,1,PASS,True,False,False,False,,52.0,0.2668177757196764,78.48101265822784,78.15,51.15,46.12,78.48,19.57,sector_median_imputed,2026-05-20
N0S,NOD.OL,Nordic Semiconductor ASA,Technology & Communications,Above Average,12.11,Low,Medium,3,0,PASS,True,False,False,False,,130.0,-0.2053780798002847,43.45991561181435,60.23,46.86,19.42,43.46,16.72,sector_median_imputed,2026-05-20
NOT,NOVN.SW,Novartis AG,Health Care,Average,10.9,Low,Good,3,0,PASS,True,False,False,False,,94.0,0.048141223697409,60.75949367088608,44.91,75.32,64.47,60.76,7.99,sector_median_imputed,2026-05-20
GZF,ENGI.PA,ENGIE S.A.,Infrastructure,Average,23.5,Medium,Good,2,1,PASS,False,True,False,,,,,,0.0,0.0,0.0,0.0,629.82,sector_median_imputed,2026-05-20
ANI,AMUN.PA,Amundi SA,Financials,Average,19.5,Low,Good,3,0,PASS,True,False,False,False,,88.0,0.1102739975768031,63.29113924050633,78.15,43.54,29.93,63.29,0.72,sector_median_imputed,2026-05-20
SEO,SRP.L,Serco Group plc,Technology & Communications,Average,18.4,Low,Medium,3,0,PASS,True,False,False,False,,111.0,-0.0743016455963095,52.74261603375528,42.9,59.72,60.98,52.74,16.72,sector_median_imputed,2026-05-20
FTE,ORA.PA,Orange SA,Technology & Communications,Average,17.2,Low,Good,3,0,PASS,True,False,False,False,,148.0,-0.3272409205813537,35.0210970464135,37.88,62.91,35.16,35.02,16.72,sector_median_imputed,2026-05-20
ECN,RS1.L,RS Group PLC,Technology & Communications,Above Average,6.2,Negligible,Good,3,0,PASS,True,False,False,False,,112.0,-0.0854031454591863,52.32067510548524,28.76,92.77,66.52,52.32,19.57,sector_median_imputed,2026-05-20
472,CLNX.MC,Cellnex Telecom S.A.,Technology & Communications,Average,13.3,Low,Good,3,0,PASS,True,False,False,False,,131.0,-0.214497543502134,43.03797468354431,47.11,54.44,37.91,43.04,19.57,sector_median_imputed,2026-05-20
RTZ,PAF.L,Pan African Resources PLC,Extractives & Minerals Processing,Average,44.72,Severe,Medium,2,1,PASS,True,False,True,,,,,,0.0,0.0,0.0,0.0,2149.74,sector_median_imputed,2026-05-20
P2H,PGHN.SW,Partners Group Holding AG,Financials,Above Average,22.97,Medium,Medium,2,1,PASS,True,False,False,False,,117.0,-0.1169809027594735,50.21097046413502,78.15,43.75,0.0,50.21,0.72,sector_median_imputed,2026-05-20
P55,PLUS.L,Plus500 Ltd.,Financials,Below Average,22.06,Medium,Medium,1,2,FAIL,False,False,False,,,,,,0.0,0.0,0.0,0.0,0.72,sector_median_imputed,2026-05-20
B3K,ACKB.BR,Ackermans & van Haaren NV,Financials,Average,8.9,Negligible,Medium,3,0,PASS,True,False,False,False,,224.0,-1.112944850684872,0.4219409282700421,6.47,36.62,4.61,0.42,19.57,sector_median_imputed,2026-05-20
ENA,ELE.MC,Endesa S.A.,Infrastructure,Below Average,21.5,Medium,Good,1,2,FAIL,False,False,False,,,,,,0.0,0.0,0.0,0.0,629.82,sector_median_imputed,2026-05-20
7PI,PST.MI,Poste Italiane SpA,Financials,Average,14.39,Low,Medium,3,0,PASS,True,False,False,False,,60.0,0.2473730028541358,75.10548523206751,78.15,60.38,38.29,75.11,19.57,sector_median_imputed,2026-05-20
FO4N,AGS.BR,ageas SA/NV,Financials,Average,12.5,Low,Medium,3,0,PASS,True,False,False,False,,64.0,0.2429921321177025,73.41772151898735,78.15,61.2,37.25,73.42,0.72,sector_median_imputed,2026-05-20
AXA,CS.PA,AXA SA,Financials,Average,17.0,Low,Good,3,0,PASS,True,False,False,False,,22.0,0.4174992433347713,91.13924050632912,78.15,66.74,56.97,91.14,0.72,sector_median_imputed,2026-05-20
RTO1,RTO.L,Rentokil Initial plc,Services,Average,13.9,Low,Good,3,0,PASS,True,False,False,False,,39.0,0.3205105762971347,83.96624472573839,78.15,45.96,56.13,83.97,19.57,sector_median_imputed,2026-05-20
REJA,REY.MI,Reply S.p.A.,Technology & Communications,Average,19.77,Low,Medium,3,0,PASS,True,False,False,False,,142.0,-0.2662360995806697,37.9746835443038,62.13,52.1,4.97,37.97,16.72,sector_median_imputed,2026-05-20
REP,REP.MC,Repsol SA,Extractives & Minerals Processing,Average,28.22,Medium,Good,2,1,PASS,False,True,False,,,,,,0.0,0.0,0.0,0.0,277.65500000000003,sector_median_imputed,2026-05-20
E7V,RXL.PA,Rexel SA,Resource Transformation,Average,13.02,Low,Good,3,0,PASS,True,False,False,False,,81.0,0.1626815635142608,66.24472573839662,78.15,43.73,36.7,66.24,19.57,sector_median_imputed,2026-05-20
RIO1,RIO.L,Rio Tinto plc,Extractives & Minerals Processing,Average,22.22,Medium,Medium,2,1,PASS,True,False,False,False,,135.0,-0.2378022338599763,41.35021097046413,33.75,51.4,61.04,41.35,2149.74,sector_median_imputed,2026-05-20
LOR,OR.PA,L'Oreal S.A.,Consumer Goods,Average,17.0,Low,Good,3,0,PASS,True,False,False,False,,45.0,0.2856205576830747,81.43459915611815,65.16,87.42,51.64,81.43,85.39,sector_median_imputed,2026-05-20
SR9,SREN.SW,Swiss Re AG,Financials,Average,13.6,Low,Good,3,0,PASS,True,False,False,False,,12.0,0.4753184826412814,95.35864978902954,78.15,51.74,73.14,95.36,0.72,sector_median_imputed,2026-05-20
BDSB,SAB.MC,Banco de Sabadell SA,Financials,Below Average,13.4,Low,Medium,2,1,PASS,True,False,False,True,Truvalue=Below Average,155.0,-0.3540135900924877,32.06751054852321,28.8,63.61,47.88,32.07,0.85,bloomberg_calc,2026-05-20
VHM,SCYR.MC,Sacyr SA,Infrastructure,Average,19.05,Low,,2,0,PASS,True,False,False,False,,160.0,-0.3971391941861981,29.957805907173,42.32,68.85,14.47,29.96,19.57,sector_median_imputed,2026-05-20
JEP,SALM.OL,SalMar ASA,Food & Beverage,Average,21.68,Medium,Medium,2,1,PASS,True,False,False,False,,175.0,-0.537971947271432,22.78481012658228,24.94,44.08,41.97,22.78,85.39,sector_median_imputed,2026-05-20
P7S,PSPN.SW,PSP Swiss Property AG,Infrastructure,Above Average,14.0,Low,Medium,3,0,PASS,True,False,False,False,,90.0,0.084584214402413,62.44725738396625,57.41,72.87,47.76,62.45,16.72,sector_median_imputed,2026-05-20
IHCB,SBMO.AS,SBM Offshore NV,Extractives & Minerals Processing,Average,19.1,Low,Medium,3,0,PASS,True,False,False,False,,8.0,0.5029388109485831,97.0464135021097,78.15,92.5,53.46,97.05,277.65500000000003,sector_median_imputed,2026-05-20
SQG,SFZN.SW,Siegfried Holding AG,Health Care,Average,16.52,Low,Good,3,0,PASS,True,False,False,False,,195.0,-0.8036073036966271,14.34599156118143,14.99,36.33,29.76,14.35,70.09,bloomberg_calc,2026-05-20
K900,LOOMIS.ST,Loomis AB,Services,Average,21.5,Medium,Medium,2,1,PASS,True,False,False,False,,192.0,-0.7470665901100093,15.61181434599156,6.47,46.61,46.89,15.61,19.57,sector_median_imputed,2026-05-20
SU1N,SPSN.SW,Swiss Prime Site AG,Infrastructure,Above Average,11.7,Low,Medium,3,0,PASS,True,False,False,False,,35.0,0.331561509744561,85.65400843881856,56.64,94.6,69.14,85.65,16.72,sector_median_imputed,2026-05-20
EF3,FGR.PA,Eiffage SA,Infrastructure,Average,26.7,Medium,Medium,2,1,PASS,True,False,False,False,,141.0,-0.2610916109298152,38.39662447257383,53.13,58.63,18.38,38.4,19.57,sector_median_imputed,2026-05-20
ENR,ENR.DE,Siemens Energy AG,Resource Transformation,Below Average,13.57,Low,Good,2,1,PASS,True,False,False,True,Truvalue=Below Average,221.0,-1.026234414085654,1.687763713080169,6.47,36.62,15.98,1.69,19.57,sector_median_imputed,2026-05-20
QS2A,SMIN.L,Smiths Group Plc,Resource Transformation,Average,29.38,Medium,Medium,2,1,PASS,True,False,False,False,,161.0,-0.4263973038309152,29.53586497890296,6.47,96.8,60.28,29.54,19.57,sector_median_imputed,2026-05-20
4SP,SPIE.PA,SPIE SA,Infrastructure,Average,11.61,Low,Medium,3,0,PASS,True,False,False,False,,137.0,-0.2389993294274466,40.50632911392405,37.37,57.66,50.68,40.51,19.57,sector_median_imputed,2026-05-20
VVD,VIE.PA,Veolia Environnement SA,Infrastructure,Average,19.5,Low,Good,3,0,PASS,True,False,False,False,,126.0,-0.1788420900931183,45.14767932489451,49.18,60.56,35.3,45.15,629.82,sector_median_imputed,2026-05-20
A44,AENA.MC,Aena SME SA,Services,Below Average,12.5,Low,Good,2,1,PASS,False,True,False,,,,,,0.0,0.0,0.0,0.0,19.57,bloomberg_calc,2026-05-20
IYYA,INVP.L,Investec plc,Financials,Average,15.3,Low,Medium,3,0,PASS,True,False,False,False,,29.0,0.360897884306383,88.18565400843882,78.15,55.13,56.19,88.19,0.72,sector_median_imputed,2026-05-20
DTE,DTE.DE,Deutsche Telekom AG,Technology & Communications,Average,16.9,Low,Good,3,0,PASS,True,False,False,False,,108.0,-0.0608222000158382,54.0084388185654,69.58,63.94,11.51,54.01,16.72,sector_median_imputed,2026-05-20
QS51,STMN.SW,Straumann Holding AG,Health Care,Below Average,19.69,Low,Good,2,1,PASS,True,False,False,True,Truvalue=Below Average,136.0,-0.2382382265108148,40.92827004219409,45.83,74.1,25.91,40.93,7.99,sector_median_imputed,2026-05-20
SUL1,SUN.SW,Sulzer AG,Resource Transformation,Average,29.15,Medium,Medium,2,1,PASS,True,False,False,False,,156.0,-0.3634342651458661,31.64556962025317,50.63,41.33,19.42,31.65,19.57,sector_median_imputed,2026-05-20
R6C0,SHELL.AS,Shell Plc,Extractives & Minerals Processing,Below Average,33.7,High,Good,1,2,FAIL,False,False,False,,,,,,0.0,0.0,0.0,0.0,277.65500000000003,sector_median_imputed,2026-05-20
AZ2,ANDR.VI,ANDRITZ AG,Resource Transformation,Above Average,20.5,Medium,Medium,2,1,PASS,True,False,False,False,,153.0,-0.3456878049773993,32.91139240506329,20.93,64.95,62.6,32.91,19.57,sector_median_imputed,2026-05-20
SLW,SLHN.SW,Swiss Life Holding AG,Financials,Above Average,14.66,Low,Medium,3,0,PASS,True,False,False,False,,67.0,0.2303636468671725,72.15189873417721,78.15,51.31,41.24,72.15,0.72,sector_median_imputed,2026-05-20
SCT,SSE.L,SSE PLC,Infrastructure,Average,20.2,Medium,Good,2,1,PASS,False,True,False,,,,,,0.0,0.0,0.0,0.0,629.82,sector_median_imputed,2026-05-20
AEND,AGN.AS,Aegon Ltd.,Financials,Average,14.8,Low,Medium,3,0,PASS,True,False,False,False,,5.0,0.5401256340064947,98.31223628691984,78.15,55.55,79.46,98.31,0.72,sector_median_imputed,2026-05-20
BPE5,BP.L,BP PLC,Extractives & Minerals Processing,Below Average,29.8,Medium,Medium,1,2,FAIL,False,True,False,,,,,,0.0,0.0,0.0,0.0,277.65500000000003,sector_median_imputed,2026-05-20
SWJ,SCMN.SW,Swisscom AG,Technology & Communications,Average,17.16,Low,Good,3,0,PASS,True,False,False,False,,123.0,-0.1476279734913863,47.67932489451477,64.51,44.27,20.64,47.68,16.72,sector_median_imputed,2026-05-20
1SQ,SQN.SW,Swissquote Group Holding Ltd.,Financials,Average,18.91,Low,Medium,3,0,PASS,True,False,False,False,,190.0,-0.7191712344551956,16.45569620253164,6.47,30.12,59.98,16.46,0.72,sector_median_imputed,2026-05-20
7EL,ELIS.PA,Elis SA,Services,Above Average,15.5,Low,Medium,3,0,PASS,True,False,False,False,,159.0,-0.391255918874589,30.37974683544304,42.31,44.03,29.45,30.38,19.57,sector_median_imputed,2026-05-20
1T5,TPE.WA,TAURON Polska Energia S.A.,Infrastructure,Average,38.55,High,Medium,2,1,PASS,True,False,True,,,,,,0.0,0.0,0.0,0.0,629.82,sector_median_imputed,2026-05-20
H2X3,HSX.L,Hiscox Ltd,Financials,Average,20.9,Medium,Medium,2,1,PASS,True,False,False,False,,56.0,0.2597361391490209,76.79324894514767,78.15,55.55,42.67,76.79,0.72,sector_median_imputed,2026-05-20
TBCG,TBCG.L,TBC Bank Group Plc,Financials,Average,12.8,Low,Medium,3,0,PASS,True,False,False,False,,19.0,0.4277029079410485,92.40506329113924,78.15,73.92,54.21,92.41,0.72,sector_median_imputed,2026-05-20
68F,TE.PA,Technip Energies NV,Infrastructure,Above Average,19.62,Low,Medium,3,0,PASS,True,False,False,False,,114.0,-0.100414123875269,51.47679324894515,42.61,88.89,41.41,51.48,277.65500000000003,sector_median_imputed,2026-05-20
LLD,LLOY.L,Lloyds Banking Group plc,Financials,Average,12.4,Low,Good,3,0,PASS,True,False,False,False,,7.0,0.5215511535314873,97.46835443037976,78.15,66.57,70.72,97.47,0.72,sector_median_imputed,2026-05-20
TW11,TEN.MI,Tenaris S.A.,Extractives & Minerals Processing,Average,23.32,Medium,Medium,2,1,PASS,False,True,False,,,,,,0.0,0.0,0.0,0.0,2149.74,sector_median_imputed,2026-05-20
FNTN,FNTN.DE,freenet AG,Technology & Communications,Below Average,24.6,Medium,Medium,1,2,FAIL,False,False,False,,,,,,0.0,0.0,0.0,0.0,16.72,sector_median_imputed,2026-05-20
PU4,PUB.PA,Publicis Groupe SA,Services,Average,9.1,Negligible,Good,3,0,PASS,True,False,False,False,,93.0,0.051496960953425,61.18143459915611,53.4,67.25,53.97,61.18,16.72,sector_median_imputed,2026-05-20
TOTB,TTE.PA,TotalEnergies SE,Extractives & Minerals Processing,Average,24.46,Medium,Good,2,1,PASS,False,True,False,,,,,,0.0,0.0,0.0,0.0,277.65500000000003,sector_median_imputed,2026-05-20
8D7,TCAP.L,TP ICAP Group plc,Financials,Below Average,21.5,Medium,Medium,1,2,FAIL,False,False,False,,,,,,0.0,0.0,0.0,0.0,0.72,sector_median_imputed,2026-05-20
0UB,UBSG.SW,UBS Group AG,Financials,Below Average,14.56,Low,Medium,2,1,PASS,True,False,False,True,Truvalue=Below Average,24.0,0.3960366114019063,90.29535864978902,78.15,41.42,68.63,90.3,0.72,sector_median_imputed,2026-05-20
UNC,UCB.BR,UCB S.A.,Health Care,Average,13.7,Low,Good,3,0,PASS,True,False,False,False,,36.0,0.3228087203448372,85.23206751054853,77.94,69.82,43.18,85.23,7.99,bloomberg_calc,2026-05-20
QJQ,ISS.CO,ISS A/S,Services,Average,14.3,Low,,2,0,PASS,True,False,False,False,,145.0,-0.2965975092973127,36.28691983122363,34.36,63.28,45.41,36.29,19.57,sector_median_imputed,2026-05-20
CENB,CNA.L,Centrica plc,Infrastructure,Average,24.9,Medium,Good,2,1,PASS,False,True,False,,,,,,0.0,0.0,0.0,0.0,629.82,sector_median_imputed,2026-05-20
SDF,SDF.DE,K+S AG,Resource Transformation,Below Average,28.5,Medium,Medium,1,2,FAIL,False,False,False,,,,,,0.0,0.0,0.0,0.0,2149.74,sector_median_imputed,2026-05-20
7UB,UNI.MC,Unicaja Banco S.A.,Financials,Average,18.53,Low,,2,0,PASS,True,False,False,False,,210.0,-0.931619180146188,6.329113924050633,6.47,60.07,14.99,6.33,0.72,sector_median_imputed,2026-05-20
UUEC,UU.L,United Utilities Group PLC,Infrastructure,Average,13.91,Low,Good,3,0,PASS,True,False,False,False,,105.0,-0.0343274421088479,55.27426160337553,46.94,59.47,58.97,55.27,629.82,sector_median_imputed,2026-05-20
VAT,VATN.SW,Valiant Holding AG,Financials,Below Average,28.33,Medium,Medium,1,2,FAIL,False,False,False,,,,,,0.0,0.0,0.0,0.0,0.72,sector_median_imputed,2026-05-20
VACD,VK.PA,Vallourec SA,Extractives & Minerals Processing,Above Average,21.02,Medium,Good,2,1,PASS,True,False,False,False,,99.0,0.0049284477634583,58.64978902953587,79.58,33.88,19.01,58.65,2149.74,sector_median_imputed,2026-05-20
2VO,VALMT.HE,Valmet Corp,Resource Transformation,Average,23.62,Medium,Good,2,1,PASS,True,False,False,False,,215.0,-0.9966341089888696,4.219409282700422,6.47,39.82,18.03,4.22,24.11,bloomberg_calc,2026-05-20
19V,VACN.SW,VAT Group AG,Resource Transformation,Below Average,24.83,Medium,Medium,1,2,FAIL,False,False,False,,,,,,0.0,0.0,0.0,0.0,19.57,sector_median_imputed,2026-05-20
IHJN,VZN.SW,VZ Holding AG,Financials,Average,26.57,Medium,Medium,2,1,PASS,True,False,False,False,,13.0,0.464450219370451,94.9367088607595,78.15,41.99,77.28,94.94,0.72,sector_median_imputed,2026-05-20
I10,IG.MI,Italgas SpA,Infrastructure,Average,15.6,Low,Good,3,0,PASS,True,False,False,False,,134.0,-0.2311657288914256,41.77215189873418,53.14,35.88,35.3,41.77,629.82,sector_median_imputed,2026-05-20
MTA,WRT1V.HE,Wartsila Oyj Abp,Resource Transformation,Average,23.36,Medium,Medium,2,1,PASS,True,False,False,False,,48.0,0.2723757542543536,80.16877637130801,60.25,80.93,62.6,80.17,19.57,sector_median_imputed,2026-05-20
22Z,ZEAL.CO,Zealand Pharma A/S,Health Care,Average,28.46,Medium,,1,1,BORDERLINE,False,False,False,,,,,,0.0,0.0,0.0,0.0,7.99,sector_median_imputed,2026-05-20
1ZG,ZEG.L,Zegona Communications Plc,Technology & Communications,Below Average,30.52,High,Poor,0,3,FAIL,False,False,False,,,,,,0.0,0.0,0.0,0.0,0.72,sector_median_imputed,2026-05-20
G70,GALE.SW,Galenica AG,Health Care,Average,12.3,Low,Medium,3,0,PASS,True,False,False,False,,68.0,0.2299694636606219,71.72995780590718,56.03,90.21,59.45,71.73,7.99,sector_median_imputed,2026-05-20
